1;2;3;4;5;6
Абаза;г;`1900000000000;`1900000400000;Хакасия;респ
Абакан;г;`1900000000000;`1900000100000;Хакасия;респ
Абдулино;г;`5600000000000;`5605500100000;Оренбургская;обл
Абинск;г;`2300000000000;`2300200100000;Краснодарский край;
Агидель;г;`0200000000000;`0200000200000;Башкортостан;респ
Агрыз;г;`1600000000000;`1600200100000;Татарстан;респ
Адыгейск;г;`0100000000000;`0100000200000;Адыгея;респ
Азов;г;`6100000000000;`6100001300000;Ростовская;обл
Ак-Довурак;г;`1700000000000;`1700000200000;Тыва;респ
Аксай;г;`6100000000000;`6100300100000;Ростовская;обл
Алагир;г;`1500000000000;`1500200100000;Северная Осетия - Алания;респ
Алапаевск;г;`6600000000000;`6600002400000;Свердловская;обл
Алатырь;г;`2100000000000;`2100002200000;Чувашская Республика - Чувашия;
Алдан;г;`1400000000000;`1400300100000;Саха /Якутия;респ
Алейск;г;`2200000000000;`2200000200000;Алтайский край;
Александров;г;`3300000000000;`3300200100000;Владимирская;обл
Александровск;г;`5900000000000;`5900000300000;Пермский край;
Александровск-Сахалинский;г;`6500000000000;`6501800100000;Сахалинская;обл
Алексеевка;г;`3100000000000;`3100200100000;Белгородская;обл
Алексин;г;`7100000000000;`7100200100000;Тульская;обл
Алзамай;г;`3800000000000;`3801600200000;Иркутская;обл
Алупка;г;`9100000000000;`9100000800100;Крым;респ
Алушта;г;`9100000000000;`9100001100000;Крым;респ
Альметьевск;г;`1600000000000;`1600800100000;Татарстан;респ
Амурск;г;`2700000000000;`2700000300000;Хабаровский край;
Анадырь;г;`8700000000000;`8700000100000;Чукотский;ао
Анапа;г;`2300000000000;`2300300100000;Краснодарский край;
Ангарск;г;`3800000000000;`3800000400000;Иркутская;обл
Андреаполь;г;`6900000000000;`6900001000000;Тверская;обл
Анжеро-Судженск;г;`4200000000000;`4200000200000;Кемеровскаяасть - Кузбасс;обл
Анива;г;`6500000000000;`6500200100000;Сахалинская;обл
Апатиты;г;`5100000000000;`5100000200000;Мурманская;обл
Апрелевка;г;`5000000000000;`5004800300000;Московская;обл
Апшеронск;г;`2300000000000;`2300400100000;Краснодарский край;
Арамиль;г;`6600000000000;`6602500200000;Свердловская;обл
Аргун;г;`2000000000000;`2000000200000;Чеченская;респ
Ардатов;г;`1300000000000;`1300200100000;Мордовия;респ
Ардон;г;`1500000000000;`1500300100000;Северная Осетия - Алания;респ
Арзамас;г;`5200000000000;`5200000400000;Нижегородская;обл
Аркадак;г;`6400000000000;`6400300100000;Саратовская;обл
Армавир;г;`2300000000000;`2300000200000;Краснодарский край;
Армянск;г;`9100000000000;`9100000200000;Крым;респ
Арсеньев;г;`2500000000000;`2500000200000;Приморский край;
Арск;г;`1600000000000;`1601000100000;Татарстан;респ
Артем;г;`2500000000000;`2500000300000;Приморский край;
Артемовск;г;`2400000000000;`2402400200000;Красноярский край;
Артемовский;г;`6600000000000;`6600300100000;Свердловская;обл
Архангельск;г;`2900000000000;`2900000100000;Архангельская;обл
Асбест;г;`6600000000000;`6600000200000;Свердловская;обл
Асино;г;`7000000000000;`7000300100000;Томская;обл
Астрахань;г;`3000000000000;`3000000100000;Астраханская;обл
Аткарск;г;`6400000000000;`6400000300000;Саратовская;обл
Ахтубинск;г;`3000000000000;`3000200100000;Астраханская;обл
Ахтубинск-7;г;`3000000000000;`3000200200000;Астраханская;обл
Ачинск;г;`2400000000000;`2400001200000;Красноярский край;
Аша;г;`7400000000000;`7400200300000;Челябинская;обл
Бабаево;г;`3500000000000;`3500200100000;Вологодская;обл
Бабушкин;г;`0300000000000;`0300900200000;Бурятия;респ
Бавлы;г;`1600000000000;`1601200100000;Татарстан;респ
Багратионовск;г;`3900000000000;`3900200100000;Калининградская;обл
Байкальск;г;`3800000000000;`3801800200000;Иркутская;обл
Байконур;г;`9900000000000;`9900000000000;Байконур;г
Баймак;г;`0200000000000;`0200600100000;Башкортостан;респ
Бакал;г;`7400000000000;`7401700100000;Челябинская;обл
Баксан;г;`0700000000000;`0700000300000;Кабардино-Балкарская;респ
Балабаново;г;`4000000000000;`4000400200000;Калужская;обл
Балаклава;г;`9200000000000;`9200000200000;Севастополь;г
Балаково;г;`6400000000000;`6400000400000;Саратовская;обл
Балахна;г;`5200000000000;`5200400100000;Нижегородская;обл
Балашиха;г;`5000000000000;`5000003600000;Московская;обл
Балашов;г;`6400000000000;`6400000500000;Саратовская;обл
Балей;г;`7500000000000;`7500400100000;Забайкальский край;
Балтийск;г;`3900000000000;`3901500100000;Калининградская;обл
Барабинск;г;`5400000000000;`5400301200000;Новосибирская;обл
Барнаул;г;`2200000000000;`2200000100000;Алтайский край;
Барыш;г;`7300000000000;`7300300100000;Ульяновская;обл
Батайск;г;`6100000000000;`6100000300000;Ростовская;обл
Бахчисарай;г;`9100000000000;`9100100100000;Крым;респ
Бежецк;г;`6900000000000;`6900300100000;Тверская;обл
Белая Калитва;г;`6100000000000;`6100500100000;Ростовская;обл
Белая Холуница;г;`4300000000000;`4300400100000;Кировская;обл
Белгород;г;`3100000000000;`3100000100000;Белгородская;обл
Белебей;г;`0200000000000;`0200900100000;Башкортостан;респ
Белев;г;`7100000000000;`7100400100000;Тульская;обл
Белинский;г;`5800000000000;`5800500100000;Пензенская;обл
Белово;г;`4200000000000;`4200001500000;Кемеровскаяасть - Кузбасс;обл
Белогорск;г;`2800000000000;`2800000300000;Амурская;обл
Белогорск;г;`9100000000000;`9100200100000;Крым;респ
Белозерск;г;`3500000000000;`3500400100000;Вологодская;обл
Белокуриха;г;`2200000000000;`2200000300000;Алтайский край;
Беломорск;г;`1000000000000;`1000200100000;Карелия;респ
Белоозёрский;г;`5000000000000;`5004400200000;Московская;обл
Белорецк;г;`0200000000000;`0201100100000;Башкортостан;респ
Белореченск;г;`2300000000000;`2300600100000;Краснодарский край;
Белоусово;г;`4000000000000;`4000900200000;Калужская;обл
Белоярский;г;`8600000000000;`8600001300000;Ханты-Мансийский Автономный округ - Югра;ао
Белый;г;`6900000000000;`6900400100000;Тверская;обл
Бердск;г;`5400000000000;`5400000200000;Новосибирская;обл
Березники;г;`5900000000000;`5900000200000;Пермский край;
Березовский;г;`4200000000000;`4200000300000;Кемеровскаяасть - Кузбасс;обл
Беслан;г;`1500000000000;`1500800100000;Северная Осетия - Алания;респ
Бийск;г;`2200000000000;`2200000400000;Алтайский край;
Бикин;г;`2700000000000;`2700000400000;Хабаровский край;
Билибино;г;`8700000000000;`8700300100000;Чукотский;ао
Биробиджан;г;`7900000000000;`7900000100000;Еврейская;аобл
Бирск;г;`0200000000000;`0201300100000;Башкортостан;респ
Бирюсинск;г;`3800000000000;`3801900200000;Иркутская;обл
Бирюч;г;`3100000000000;`3101200100000;Белгородская;обл
Благовещенск;г;`0200000000000;`0201500100000;Башкортостан;респ
Благовещенск;г;`2800000000000;`2800000100000;Амурская;обл
Благодарный;г;`2600000000000;`2600600100000;Ставропольский край;
Бобров;г;`3600000000000;`3600300100000;Воронежская;обл
Богданович;г;`6600000000000;`6600800100000;Свердловская;обл
Богородицк;г;`7100000000000;`7100500100000;Тульская;обл
Богородск;г;`5200000000000;`5200500100000;Нижегородская;обл
Боготол;г;`2400000000000;`2400001300000;Красноярский край;
Богучар;г;`3600000000000;`3600400100000;Воронежская;обл
Бодайбо;г;`3800000000000;`3800000600000;Иркутская;обл
Бокситогорск;г;`4700000000000;`4700200100000;Ленинградская;обл
Болгар;г;`1600000000000;`1603800100000;Татарстан;респ
Бологое;г;`6900000000000;`6900500100000;Тверская;обл
Болотное;г;`5400000000000;`5400400100000;Новосибирская;обл
Болохово;г;`7100000000000;`7101400200000;Тульская;обл
Болхов;г;`5700000000000;`5700200100000;Орловская;обл
Большой Камень;г;`2500000000000;`2500000700000;Приморский край;
Бор;г;`5200000000000;`5200000500000;Нижегородская;обл
Борзя;г;`7500000000000;`7500500100000;Забайкальский край;
Борисоглебск;г;`3600000000000;`3600500100000;Воронежская;обл
Боровск;г;`4000000000000;`4000400100000;Калужская;обл
Бородино;г;`2400000000000;`2400000200000;Красноярский край;
Братск;г;`3800000000000;`3800000500000;Иркутская;обл
Бронницы;г;`5000000000000;`5000000200000;Московская;обл
Брянск;г;`3200000000000;`3200000100000;Брянская;обл
Бугульма;г;`1600000000000;`1601400100000;Татарстан;респ
Бугуруслан;г;`5600000000000;`5600000500000;Оренбургская;обл
Буденновск;г;`2600000000000;`2600700100000;Ставропольский край;
Бузулук;г;`5600000000000;`5600000600000;Оренбургская;обл
Буинск;г;`1600000000000;`1601500100000;Татарстан;респ
Буй;г;`4400000000000;`4400300100000;Костромская;обл
Буйнакск;г;`0500000000000;`0500001000000;Дагестан;респ
Бутурлиновка;г;`3600000000000;`3600600100000;Воронежская;обл
Валдай;г;`5300000000000;`5300400100000;Новгородская;обл
Валуйки;г;`3100000000000;`3100400100000;Белгородская;обл
Велиж;г;`6700000000000;`6700200100000;Смоленская;обл
Великие Луки;г;`6000000000000;`6000000200000;Псковская;обл
Великий Новгород;г;`5300000000000;`5300000100000;Новгородская;обл
Великий Устюг;г;`3500000000000;`3500600100000;Вологодская;обл
Венев;г;`7100000000000;`7100600100000;Тульская;обл
Верещагино;г;`5900000000000;`5900500100000;Пермский край;
Верея;г;`5000000000000;`5004800200000;Московская;обл
Верхнеуральск;г;`7400000000000;`7402900100000;Челябинская;обл
Верхний Тагил;г;`6600000000000;`6600003700000;Свердловская;обл
Верхний Уфалей;г;`7400000000000;`7400000200000;Челябинская;обл
Верхняя Пышма;г;`6600000000000;`6600000400000;Свердловская;обл
Верхняя Салда;г;`6600000000000;`6600004500000;Свердловская;обл
Верхняя Тура;г;`6600000000000;`6600004000000;Свердловская;обл
Верхотурье;г;`6600000000000;`6601000100000;Свердловская;обл
Верхоянск;г;`1400000000000;`1401000200000;Саха /Якутия;респ
Весьегонск;г;`6900000000000;`6900001100000;Тверская;обл
Ветлуга;г;`5200000000000;`5201300100000;Нижегородская;обл
Видное;г;`5000000000000;`5000002500000;Московская;обл
Вилюйск;г;`1400000000000;`1401100100000;Саха /Якутия;респ
Вилючинск;г;`4100000000000;`4100000200000;Камчатский край;
Вихоревка;г;`3800000000000;`3800500200000;Иркутская;обл
Владивосток;г;`2500000000000;`2500000100000;Приморский край;
Владикавказ;г;`1500000000000;`1500000100000;Северная Осетия - Алания;респ
Владимир;г;`3300000000000;`3300000100000;Владимирская;обл
Волгоград;г;`3400000000000;`3400000100000;Волгоградская;обл
Волгодонск;г;`6100000000000;`6100000400000;Ростовская;обл
Волгореченск;г;`4400000000000;`4400000200000;Костромская;обл
Волжск;г;`1200000000000;`1200000200000;Марий Эл;респ
Волжский;г;`3400000000000;`3400000200000;Волгоградская;обл
Вологда;г;`3500000000000;`3500000100000;Вологодская;обл
Володарск;г;`5200000000000;`5201600100000;Нижегородская;обл
Волоколамск;г;`5000000000000;`5000006600000;Московская;обл
Волосово;г;`4700000000000;`4700300100000;Ленинградская;обл
Волхов;г;`4700000000000;`4700400100000;Ленинградская;обл
Волчанск;г;`6600000000000;`6600003900000;Свердловская;обл
Вольск;г;`6400000000000;`6400000600000;Саратовская;обл
Вольск-18;г;`6400000000000;`6400000602500;Саратовская;обл
Воркута;г;`1100000000000;`1100000200000;Коми;респ
Воронеж;г;`3600000000000;`3600000100000;Воронежская;обл
Воронеж-45;г;`3600000000000;`3600000400000;Воронежская;обл
Ворсма;г;`5200000000000;`5203200200000;Нижегородская;обл
Воскресенск;г;`5000000000000;`5004400000000;Московская;обл
Воткинск;г;`1800000000000;`1800000300000;Удмуртская;респ
Всеволожск;г;`4700000000000;`4700500100000;Ленинградская;обл
Вуктыл;г;`1100000000000;`1100000300000;Коми;респ
Выборг;г;`4700000000000;`4700600100000;Ленинградская;обл
Выкса;г;`5200000000000;`5200000700000;Нижегородская;обл
Высоковск;г;`5000000000000;`5004700200000;Московская;обл
Высоцк;г;`4700000000000;`4700600200000;Ленинградская;обл
Вытегра;г;`3500000000000;`3500900100000;Вологодская;обл
Вышний Волочек;г;`6900000000000;`6900000600000;Тверская;обл
Вяземский;г;`2700000000000;`2700700100000;Хабаровский край;
Вязники;г;`3300000000000;`3300300100000;Владимирская;обл
Вязьма;г;`6700000000000;`6700300100000;Смоленская;обл
Вятские Поляны;г;`4300000000000;`4300800100000;Кировская;обл
Гаврилов Посад;г;`3700000000000;`3700400100000;Ивановская;обл
Гаврилов-Ям;г;`7600000000000;`7600500100000;Ярославская;обл
Гагарин;г;`6700000000000;`6700400100000;Смоленская;обл
Гаджиево;г;`5100000000000;`5100001200000;Мурманская;обл
Гай;г;`5600000000000;`5600000700000;Оренбургская;обл
Галич;г;`4400000000000;`4400500100000;Костромская;обл
Гатчина;г;`4700000000000;`4700700100000;Ленинградская;обл
Гвардейск;г;`3900000000000;`3900300100000;Калининградская;обл
Гдов;г;`6000000000000;`6000400100000;Псковская;обл
Геленджик;г;`2300000000000;`2300000300000;Краснодарский край;
Глазов;г;`1800000000000;`1800000400000;Удмуртская;респ
Голицыно;г;`5000000000000;`5004200200000;Московская;обл
Горбатов;г;`5200000000000;`5203200300000;Нижегородская;обл
Горно-Алтайск;г;`0400000000000;`0400000100000;Алтай;респ
Горнозаводск;г;`5900000000000;`5900600100000;Пермский край;
Горняк;г;`2200000000000;`2202700100000;Алтайский край;
Городец;г;`5200000000000;`5202000100000;Нижегородская;обл
Городище;г;`5800000000000;`5800800100000;Пензенская;обл
Городовиковск;г;`0800000000000;`0800200100000;Калмыкия;респ
Гороховец;г;`3300000000000;`3300400100000;Владимирская;обл
Горячий Ключ;г;`2300000000000;`2300000400000;Краснодарский край;
Грайворон;г;`3100000000000;`3100700100000;Белгородская;обл
Гремячинск;г;`5900000000000;`5900000400000;Пермский край;
Грозный;г;`2000000000000;`2000000100000;Чеченская;респ
Грязи;г;`4800000000000;`4800300100000;Липецкая;обл
Грязовец;г;`3500000000000;`3501000100000;Вологодская;обл
Губаха;г;`5900000000000;`5900000500000;Пермский край;
Губкин;г;`3100000000000;`3100000400000;Белгородская;обл
Губкинский;г;`8900000000000;`8900000200000;Ямало-Ненецкий;ао
Гудермес;г;`2000000000000;`2000500100000;Чеченская;респ
Гуково;г;`6100000000000;`6100000500000;Ростовская;обл
Гулькевичи;г;`2300000000000;`2300900100000;Краснодарский край;
Гурьевск;г;`3900000000000;`3900400100000;Калининградская;обл
Гурьевск;г;`4200000000000;`4200300100000;Кемеровскаяасть - Кузбасс;обл
Гусев;г;`3900000000000;`3900500100000;Калининградская;обл
Гусиноозерск;г;`0300000000000;`0301800100000;Бурятия;респ
Гусь-Хрустальный;г;`3300000000000;`3300000300000;Владимирская;обл
Давлеканово;г;`0200000000000;`0205900100000;Башкортостан;респ
Дагестанские Огни;г;`0500000000000;`0500000200000;Дагестан;респ
Далматово;г;`4500000000000;`4500500100000;Курганская;обл
Дальнегорск;г;`2500000000000;`2500000800000;Приморский край;
Дальнереченск;г;`2500000000000;`2500000900000;Приморский край;
Данилов;г;`7600000000000;`7600600100000;Ярославская;обл
Данков;г;`4800000000000;`4800400100000;Липецкая;обл
Дегтярск;г;`6600000000000;`6600004100000;Свердловская;обл
Дедовск;г;`5000000000000;`5004600200000;Московская;обл
Демидов;г;`6700000000000;`6700600100000;Смоленская;обл
Дербент;г;`0500000000000;`0500000600000;Дагестан;респ
Десногорск;г;`6700000000000;`6700000200000;Смоленская;обл
Джанкой;г;`9100000000000;`9100000600000;Крым;респ
Дзержинск;г;`5200000000000;`5200000200000;Нижегородская;обл
Дзержинский;г;`5000000000000;`5000002300000;Московская;обл
Дивногорск;г;`2400000000000;`2400000300000;Красноярский край;
Дигора;г;`1500000000000;`1500400100000;Северная Осетия - Алания;респ
Димитровград;г;`7300000000000;`7300000200000;Ульяновская;обл
Дмитриев;г;`4600000000000;`4600600100000;Курская;обл
Дмитров;г;`5000000000000;`5004500000000;Московская;обл
Дмитровск;г;`5700000000000;`5700500100000;Орловская;обл
Дно;г;`6000000000000;`6000600100000;Псковская;обл
Добрянка;г;`5900000000000;`5900000600000;Пермский край;
Долгопрудный;г;`5000000000000;`5000002900000;Московская;обл
Долинск;г;`6500000000000;`6500300100000;Сахалинская;обл
Домодедово;г;`5000000000000;`5000000100000;Московская;обл
Донецк;г;`6100000000000;`6100000600000;Ростовская;обл
Донской;г;`7100000000000;`7100000200000;Тульская;обл
Дорогобуж;г;`6700000000000;`6700700100000;Смоленская;обл
Дрезна;г;`5000000000000;`5000100100000;Московская;обл
Дубна;г;`5000000000000;`5000000300000;Московская;обл
Дубовка;г;`3400000000000;`3400600100000;Волгоградская;обл
Дудинка;г;`2400000000000;`2404800100000;Красноярский край;
Духовщина;г;`6700000000000;`6700800100000;Смоленская;обл
Дюртюли;г;`0200000000000;`0206000100000;Башкортостан;респ
Дятьково;г;`3200000000000;`3200600100000;Брянская;обл
Евпатория;г;`9100000000000;`9100000900000;Крым;респ
Егорьевск;г;`5000000000000;`5000003900000;Московская;обл
Ейск;г;`2300000000000;`2301100100000;Краснодарский край;
Екатеринбург;г;`6600000000000;`6600000100000;Свердловская;обл
Елабуга;г;`1600000000000;`1601900100000;Татарстан;респ
Елец;г;`4800000000000;`4800000200000;Липецкая;обл
Ельня;г;`6700000000000;`6700900100000;Смоленская;обл
Еманжелинск;г;`7400000000000;`7404400100000;Челябинская;обл
Емва;г;`1100000000000;`1100600100000;Коми;респ
Енисейск;г;`2400000000000;`2400001400000;Красноярский край;
Ермолино;г;`4000000000000;`4000400400000;Калужская;обл
Ершов;г;`6400000000000;`6401400100000;Саратовская;обл
Ессентуки;г;`2600000000000;`2600000200000;Ставропольский край;
Ефремов;г;`7100000000000;`7101000100000;Тульская;обл
Железноводск;г;`2600000000000;`2600000300000;Ставропольский край;
Железногорск;г;`2400000000000;`2400000400000;Красноярский край;
Железногорск;г;`4600000000000;`4600000300000;Курская;обл
Железногорск-Илимский;г;`3800000000000;`3801500100000;Иркутская;обл
Жердевка;г;`6800000000000;`6800400100000;Тамбовская;обл
Жигулевск;г;`6300000000000;`6300000200000;Самарская;обл
Жиздра;г;`4000000000000;`4000800100000;Калужская;обл
Жирновск;г;`3400000000000;`3400800100000;Волгоградская;обл
Жуков;г;`4000000000000;`4000900100000;Калужская;обл
Жуковка;г;`3200000000000;`3200800100000;Брянская;обл
Жуковский;г;`5000000000000;`5000000500000;Московская;обл
Завитинск;г;`2800000000000;`2800500100000;Амурская;обл
Заводоуковск;г;`7200000000000;`7200000400000;Тюменская;обл
Заволжск;г;`3700000000000;`3700500100000;Ивановская;обл
Заволжье;г;`5200000000000;`5202000200000;Нижегородская;обл
Задонск;г;`4800000000000;`4800900100000;Липецкая;обл
Заинск;г;`1600000000000;`1602000100000;Татарстан;респ
Закаменск;г;`0300000000000;`0300700100000;Бурятия;респ
Заозерный;г;`2400000000000;`2403301500000;Красноярский край;
Заозерск;г;`5100000000000;`5100000300000;Мурманская;обл
Западная Двина;г;`6900000000000;`6900001300000;Тверская;обл
Заполярный;г;`5100000000000;`5100500200000;Мурманская;обл
Зарайск;г;`5000000000000;`5000004600000;Московская;обл
Заречный;г;`5800000000000;`5800000200000;Пензенская;обл
Заречный;г;`6600000000000;`6600000500000;Свердловская;обл
Заринск;г;`2200000000000;`2200001100000;Алтайский край;
Звенигово;г;`1200000000000;`1200400100000;Марий Эл;респ
Звенигород;г;`5000000000000;`5004200400000;Московская;обл
Зверево;г;`6100000000000;`6100000700000;Ростовская;обл
Зеленогорск;г;`2400000000000;`2400000500000;Красноярский край;
Зеленогорск;г;`7800000000000;`7800000200000;Санкт-Петербург;г
Зеленоград;г;`7700000000000;`7700000200000;Москва;г
Зеленоградск;г;`3900000000000;`3900600100000;Калининградская;обл
Зеленодольск;г;`1600000000000;`1602100100000;Татарстан;респ
Зеленокумск;г;`2600000000000;`2602300100000;Ставропольский край;
Зерноград;г;`6100000000000;`6101300100000;Ростовская;обл
Зея;г;`2800000000000;`2800000400000;Амурская;обл
Зима;г;`3800000000000;`3800000700000;Иркутская;обл
Златоуст;г;`7400000000000;`7400000400000;Челябинская;обл
Злынка;г;`3200000000000;`3200900100000;Брянская;обл
Змеиногорск;г;`2200000000000;`2201500100000;Алтайский край;
Знаменск;г;`3000000000000;`3000000200000;Астраханская;обл
Зубцов;г;`6900000000000;`6901000100000;Тверская;обл
Зуевка;г;`4300000000000;`4301000100000;Кировская;обл
Ивангород;г;`4700000000000;`4700801100000;Ленинградская;обл
Иваново;г;`3700000000000;`3700000100000;Ивановская;обл
Ивантеевка;г;`5000000000000;`5005000300000;Московская;обл
Ивдель;г;`6600000000000;`6600000600000;Свердловская;обл
Игарка;г;`2400000000000;`2403801700000;Красноярский край;
Ижевск;г;`1800000000000;`1800000100000;Удмуртская;респ
Избербаш;г;`0500000000000;`0500000300000;Дагестан;респ
Изобильный;г;`2600000000000;`2601000100000;Ставропольский край;
Иланский;г;`2400000000000;`2401600100000;Красноярский край;
Инза;г;`7300000000000;`7300500100000;Ульяновская;обл
Инкерман;г;`9200000000000;`9200000100000;Севастополь;г
Иннополис;г;`1600000000000;`1601600100000;Татарстан;респ
Инсар;г;`1300000000000;`1301000100000;Мордовия;респ
Инта;г;`1100000000000;`1100000400000;Коми;респ
Ипатово;г;`2600000000000;`2601100100000;Ставропольский край;
Ирбит;г;`6600000000000;`6600002900000;Свердловская;обл
Иркутск;г;`3800000000000;`3800000300000;Иркутская;обл
Исилькуль;г;`5500000000000;`5500700100000;Омская;обл
Искитим;г;`5400000000000;`5400000500000;Новосибирская;обл
Истра;г;`5000000000000;`5004600000000;Московская;обл
Ишим;г;`7200000000000;`7200000300000;Тюменская;обл
Ишимбай;г;`0200000000000;`0202600100000;Башкортостан;респ
Йошкар-Ола;г;`1200000000000;`1200000100000;Марий Эл;респ
Кадников;г;`3500000000000;`3501700200000;Вологодская;обл
Казань;г;`1600000000000;`1600000100000;Татарстан;респ
Калач;г;`3600000000000;`3601100100000;Воронежская;обл
Калачинск;г;`5500000000000;`5500800100000;Омская;обл
Калач-на-Дону;г;`3400000000000;`3401000100000;Волгоградская;обл
Калининград;г;`3900000000000;`3900000100000;Калининградская;обл
Калининск;г;`6400000000000;`6401600100000;Саратовская;обл
Калтан;г;`4200000000000;`4200000400000;Кемеровскаяасть - Кузбасс;обл
Калуга;г;`4000000000000;`4000000100000;Калужская;обл
Калязин;г;`6900000000000;`6901100100000;Тверская;обл
Камбарка;г;`1800000000000;`1801100100000;Удмуртская;респ
Каменка;г;`5800000000000;`5801100100000;Пензенская;обл
Каменногорск;г;`4700000000000;`4700600300000;Ленинградская;обл
Каменск-Уральский;г;`6600000000000;`6600002200000;Свердловская;обл
Каменск-Шахтинский;г;`6100000000000;`6100000800000;Ростовская;обл
Камень-на-Оби;г;`2200000000000;`2201800100000;Алтайский край;
Камешково;г;`3300000000000;`3300600100000;Владимирская;обл
Камызяк;г;`3000000000000;`3000600100000;Астраханская;обл
Камышин;г;`3400000000000;`3400000300000;Волгоградская;обл
Камышлов;г;`6600000000000;`6600003000000;Свердловская;обл
Канаш;г;`2100000000000;`2100002300000;Чувашская Республика - Чувашия;
Кандалакша;г;`5100000000000;`5100100100000;Мурманская;обл
Канск;г;`2400000000000;`2400001600000;Красноярский край;
Карабаново;г;`3300000000000;`3300200200000;Владимирская;обл
Карабаш;г;`7400000000000;`7400000500000;Челябинская;обл
Карабулак;г;`0600000000000;`0600000200000;Ингушетия;респ
Карасук;г;`5400000000000;`5400900100000;Новосибирская;обл
Карачаевск;г;`0900000000000;`0900000200000;Карачаево-Черкесская;респ
Карачев;г;`3200000000000;`3201000100000;Брянская;обл
Каргат;г;`5400000000000;`5401000100000;Новосибирская;обл
Каргополь;г;`2900000000000;`2900600100000;Архангельская;обл
Карпинск;г;`6600000000000;`6600000700000;Свердловская;обл
Карталы;г;`7400000000000;`7400700100000;Челябинская;обл
Касимов;г;`6200000000000;`6200000400000;Рязанская;обл
Касли;г;`7400000000000;`7400900100000;Челябинская;обл
Катав-Ивановск;г;`7400000000000;`7401000200000;Челябинская;обл
Катайск;г;`4500000000000;`4500800100000;Курганская;обл
Качканар;г;`6600000000000;`6600000800000;Свердловская;обл
Кашин;г;`6900000000000;`6900000900000;Тверская;обл
Кашира;г;`5000000000000;`5000003800000;Московская;обл
Кедровый;г;`7000000000000;`7000000200000;Томская;обл
Кемерово;г;`4200000000000;`4200000900000;Кемеровскаяасть - Кузбасс;обл
Кемь;г;`1000000000000;`1000400100000;Карелия;респ
Керчь;г;`9100000000000;`9100000100000;Крым;респ
Кизел;г;`5900000000000;`5900000700000;Пермский край;
Кизилюрт;г;`0500000000000;`0500000700000;Дагестан;респ
Кизляр;г;`0500000000000;`0500000800000;Дагестан;респ
Кимовск;г;`7100000000000;`7101300100000;Тульская;обл
Кимры;г;`6900000000000;`6900000500000;Тверская;обл
Кингисепп;г;`4700000000000;`4700800100000;Ленинградская;обл
Кинель;г;`6300000000000;`6300001000000;Самарская;обл
Кинешма;г;`3700000000000;`3700000200000;Ивановская;обл
Киреевск;г;`7100000000000;`7101400100000;Тульская;обл
Киренск;г;`3800000000000;`3801200100000;Иркутская;обл
Киржач;г;`3300000000000;`3300700100000;Владимирская;обл
Кириллов;г;`3500000000000;`3501200100000;Вологодская;обл
Кириши;г;`4700000000000;`4700900100000;Ленинградская;обл
Киров;г;`4000000000000;`4001100100000;Калужская;обл
Киров;г;`4300000000000;`4300000100000;Кировская;обл
Кировград;г;`6600000000000;`6600000900000;Свердловская;обл
Кирово-Чепецк;г;`4300000000000;`4300000400000;Кировская;обл
Кировск;г;`4700000000000;`4701000100000;Ленинградская;обл
Кировск;г;`5100000000000;`5100000500000;Мурманская;обл
Кирс;г;`4300000000000;`4300600100000;Кировская;обл
Кирсанов;г;`6800000000000;`6800000500000;Тамбовская;обл
Киселевск;г;`4200000000000;`4200000500000;Кемеровскаяасть - Кузбасс;обл
Кисловодск;г;`2600000000000;`2600000400000;Ставропольский край;
Клин;г;`5000000000000;`5004700000000;Московская;обл
Клинцы;г;`3200000000000;`3200000300000;Брянская;обл
Княгинино;г;`5200000000000;`5202300100000;Нижегородская;обл
Ковдор;г;`5100000000000;`5100200100000;Мурманская;обл
Ковров;г;`3300000000000;`3300000400000;Владимирская;обл
Ковылкино;г;`1300000000000;`1300000200000;Мордовия;респ
Когалым;г;`8600000000000;`8600000200000;Ханты-Мансийский Автономный округ - Югра;ао
Кодинск;г;`2400000000000;`2402100100000;Красноярский край;
Козельск;г;`4000000000000;`4001200100000;Калужская;обл
Козловка;г;`2100000000000;`2100800100000;Чувашская Республика - Чувашия;
Козьмодемьянск;г;`1200000000000;`1200000300000;Марий Эл;респ
Кола;г;`5100000000000;`5100300100000;Мурманская;обл
Кологрив;г;`4400000000000;`4400700100000;Костромская;обл
Коломна;г;`5000000000000;`5005100000000;Московская;обл
Колпашево;г;`7000000000000;`7000900100000;Томская;обл
Колпино;г;`7800000000000;`7800000300000;Санкт-Петербург;г
Кольчугино;г;`3300000000000;`3300900100000;Владимирская;обл
Коммунар;г;`4700000000000;`4700700200000;Ленинградская;обл
Комсомольск;г;`3700000000000;`3700800100000;Ивановская;обл
Комсомольск-на-Амуре;г;`2700000000000;`2700000500000;Хабаровский край;
Конаково;г;`6900000000000;`6901500100000;Тверская;обл
Кондопога;г;`1000000000000;`1000500100000;Карелия;респ
Кондрово;г;`4000000000000;`4000600100000;Калужская;обл
Константиновск;г;`6100000000000;`6101800100000;Ростовская;обл
Копейск;г;`7400000000000;`7400000600000;Челябинская;обл
Кораблино;г;`6200000000000;`6200700100000;Рязанская;обл
Кореновск;г;`2300000000000;`2301500100000;Краснодарский край;
Коркино;г;`7400000000000;`7404500100000;Челябинская;обл
Королёв;г;`5000000000000;`5000000900000;Московская;обл
Короча;г;`3100000000000;`3101000100000;Белгородская;обл
Корсаков;г;`6500000000000;`6500400100000;Сахалинская;обл
Коряжма;г;`2900000000000;`2900000500000;Архангельская;обл
Костерево;г;`3300000000000;`3301200200000;Владимирская;обл
Костомукша;г;`1000000000000;`1000000400000;Карелия;респ
Кострома;г;`4400000000000;`4400000300000;Костромская;обл
Котельники;г;`5000000000000;`5000003200000;Московская;обл
Котельниково;г;`3400000000000;`3401400100000;Волгоградская;обл
Котельнич;г;`4300000000000;`4301400100000;Кировская;обл
Котлас;г;`2900000000000;`2900800100000;Архангельская;обл
Котово;г;`3400000000000;`3401500100000;Волгоградская;обл
Котовск;г;`6800000000000;`6800000200000;Тамбовская;обл
Кохма;г;`3700000000000;`3700100200000;Ивановская;обл
Красавино;г;`3500000000000;`3500600200000;Вологодская;обл
Красноармейск;г;`5000000000000;`5005000200000;Московская;обл
Красноармейск;г;`6400000000000;`6400000700000;Саратовская;обл
Красновишерск;г;`5900000000000;`5901300100000;Пермский край;
Красногорск;г;`5000000000000;`5000004900000;Московская;обл
Краснодар;г;`2300000000000;`2300000100000;Краснодарский край;
Красное Село;г;`7800000000000;`7800000400000;Санкт-Петербург;г
Краснозаводск;г;`5000000000000;`5004100300000;Московская;обл
Краснознаменск;г;`3900000000000;`3900700100000;Калининградская;обл
Краснознаменск;г;`5000000000000;`5000001100000;Московская;обл
Краснокаменск;г;`7500000000000;`7501100100000;Забайкальский край;
Краснокамск;г;`5900000000000;`5900001500000;Пермский край;
Красноперекопск;г;`9100000000000;`9100000400000;Крым;респ
Краснослободск;г;`1300000000000;`1301500100000;Мордовия;респ
Краснослободск;г;`3400000000000;`3402800200000;Волгоградская;обл
Краснотурьинск;г;`6600000000000;`6600001000000;Свердловская;обл
Красноуральск;г;`6600000000000;`6600001100000;Свердловская;обл
Красноуфимск;г;`6600000000000;`6600003100000;Свердловская;обл
Красноярск;г;`2400000000000;`2400000100000;Красноярский край;
Красный Кут;г;`6400000000000;`6401800100000;Саратовская;обл
Красный Сулин;г;`6100000000000;`6101900100000;Ростовская;обл
Красный Холм;г;`6900000000000;`6900001200000;Тверская;обл
Кременки;г;`4000000000000;`4000900400000;Калужская;обл
Кронштадт;г;`7800000000000;`7800000500000;Санкт-Петербург;г
Кропоткин;г;`2300000000000;`2301200100000;Краснодарский край;
Крымск;г;`2300000000000;`2301800100000;Краснодарский край;
Кстово;г;`5200000000000;`5202700100000;Нижегородская;обл
Кубинка;г;`5000000000000;`5004200300000;Московская;обл
Кувандык;г;`5600000000000;`5600000800000;Оренбургская;обл
Кувшиново;г;`6900000000000;`6901700100000;Тверская;обл
Кудрово;г;`4700000000000;`4700511600000;Ленинградская;обл
Кудымкар;г;`5900000000000;`5900001400000;Пермский край;
Кузнецк;г;`5800000000000;`5800000300000;Пензенская;обл
Кузнецк-12;г;`5800000000000;`5800000300200;Пензенская;обл
Кузнецк-8;г;`5800000000000;`5800000300100;Пензенская;обл
Куйбышев;г;`5400000000000;`5401501800000;Новосибирская;обл
Кукмор;г;`1600000000000;`1602400200000;Татарстан;респ
Кулебаки;г;`5200000000000;`5200001000000;Нижегородская;обл
Кумертау;г;`0200000000000;`0200000700000;Башкортостан;респ
Кунгур;г;`5900000000000;`5900000900000;Пермский край;
Купино;г;`5400000000000;`5401600100000;Новосибирская;обл
Курган;г;`4500000000000;`4500000100000;Курганская;обл
Курганинск;г;`2300000000000;`2301900100000;Краснодарский край;
Курильск;г;`6500000000000;`6500500100000;Сахалинская;обл
Курлово;г;`3300000000000;`3300500200000;Владимирская;обл
Куровское;г;`5000000000000;`5000100200000;Московская;обл
Курск;г;`4600000000000;`4600000100000;Курская;обл
Куртамыш;г;`4500000000000;`4501000100000;Курганская;обл
Курчалой;г;`2000000000000;`2000600100000;Чеченская;респ
Курчатов;г;`4600000000000;`4600000200000;Курская;обл
Куса;г;`7400000000000;`7403400100000;Челябинская;обл
Кушва;г;`6600000000000;`6600001200000;Свердловская;обл
Кызыл;г;`1700000000000;`1700000100000;Тыва;респ
Кыштым;г;`7400000000000;`7400000800000;Челябинская;обл
Кяхта;г;`0300000000000;`0301200100000;Бурятия;респ
Лабинск;г;`2300000000000;`2302100100000;Краснодарский край;
Лабытнанги;г;`8900000000000;`8900000300000;Ямало-Ненецкий;ао
Лагань;г;`0800000000000;`0800600100000;Калмыкия;респ
Ладушкин;г;`3900000000000;`3900000800000;Калининградская;обл
Лаишево;г;`1600000000000;`1602500100000;Татарстан;респ
Лакинск;г;`3300000000000;`3301400200000;Владимирская;обл
Лангепас;г;`8600000000000;`8600000300000;Ханты-Мансийский Автономный округ - Югра;ао
Лахденпохья;г;`1000000000000;`1000600100000;Карелия;респ
Лебедянь;г;`4800000000000;`4801200100000;Липецкая;обл
Лениногорск;г;`1600000000000;`1602600100000;Татарстан;респ
Ленинск;г;`3400000000000;`3401700100000;Волгоградская;обл
Ленинск-Кузнецкий;г;`4200000000000;`4200001000000;Кемеровскаяасть - Кузбасс;обл
Ленск;г;`1400000000000;`1401500100000;Саха /Якутия;респ
Лермонтов;г;`2600000000000;`2600000500000;Ставропольский край;
Лесной;г;`6600000000000;`6600001300000;Свердловская;обл
Лесозаводск;г;`2500000000000;`2500001200000;Приморский край;
Лесосибирск;г;`2400000000000;`2400000800000;Красноярский край;
Ливны;г;`5700000000000;`5700000200000;Орловская;обл
Ликино-Дулёво;г;`5000000000000;`5000100300000;Московская;обл
Липецк;г;`4800000000000;`4800000100000;Липецкая;обл
Липки;г;`7100000000000;`7101400300000;Тульская;обл
Лиски;г;`3600000000000;`3601500100000;Воронежская;обл
Лихославль;г;`6900000000000;`6900002300000;Тверская;обл
Лобня;г;`5000000000000;`5000001200000;Московская;обл
Лодейное Поле;г;`4700000000000;`4701100100000;Ленинградская;обл
Ломоносов;г;`7800000000000;`7800000600000;Санкт-Петербург;г
Лосино-Петровский;г;`5000000000000;`5000003100000;Московская;обл
Луга;г;`4700000000000;`4701300100000;Ленинградская;обл
Луза;г;`4300000000000;`4301700100000;Кировская;обл
Лукоянов;г;`5200000000000;`5202900100000;Нижегородская;обл
Луховицы;г;`5000000000000;`5000004800000;Московская;обл
Лысково;г;`5200000000000;`5203000100000;Нижегородская;обл
Лысьва;г;`5900000000000;`5900001000000;Пермский край;
Лыткарино;г;`5000000000000;`5000001300000;Московская;обл
Льгов;г;`4600000000000;`4600000400000;Курская;обл
Любань;г;`4700000000000;`4701800400000;Ленинградская;обл
Люберцы;г;`5000000000000;`5000005000000;Московская;обл
Любим;г;`7600000000000;`7600700100000;Ярославская;обл
Людиново;г;`4000000000000;`4001400100000;Калужская;обл
Лянтор;г;`8600000000000;`8600900200000;Ханты-Мансийский Автономный округ - Югра;ао
Магадан;г;`4900000000000;`4900000100000;Магаданская;обл
Магас;г;`0600000000000;`0600000100000;Ингушетия;респ
Магнитогорск;г;`7400000000000;`7400000900000;Челябинская;обл
Майкоп;г;`0100000000000;`0100000100000;Адыгея;респ
Майский;г;`0700000000000;`0700400100000;Кабардино-Балкарская;респ
Макаров;г;`6500000000000;`6500600100000;Сахалинская;обл
Макарьев;г;`4400000000000;`4400900100000;Костромская;обл
Макушино;г;`4500000000000;`4501200100000;Курганская;обл
Малая Вишера;г;`5300000000000;`5300900100000;Новгородская;обл
Малгобек;г;`0600000000000;`0600000400000;Ингушетия;респ
Малмыж;г;`4300000000000;`4301800100000;Кировская;обл
Малоархангельск;г;`5700000000000;`5701400100000;Орловская;обл
Малоярославец;г;`4000000000000;`4001500100000;Калужская;обл
Мамадыш;г;`1600000000000;`1602700100000;Татарстан;респ
Мамоново;г;`3900000000000;`3900000900000;Калининградская;обл
Мантурово;г;`4400000000000;`4401000100000;Костромская;обл
Мариинск;г;`4200000000000;`4200700100000;Кемеровскаяасть - Кузбасс;обл
Мариинский Посад;г;`2100000000000;`2101200100000;Чувашская Республика - Чувашия;
Маркс;г;`6400000000000;`6400000800000;Саратовская;обл
Махачкала;г;`0500000000000;`0500000100000;Дагестан;респ
Мглин;г;`3200000000000;`3201600100000;Брянская;обл
Мегион;г;`8600000000000;`8600000400000;Ханты-Мансийский Автономный округ - Югра;ао
Медвежьегорск;г;`1000000000000;`1000800100000;Карелия;респ
Медногорск;г;`5600000000000;`5600000200000;Оренбургская;обл
Медынь;г;`4000000000000;`4001600100000;Калужская;обл
Межгорье;г;`0200000000000;`0200000800000;Башкортостан;респ
Междуреченск;г;`4200000000000;`4200001600000;Кемеровскаяасть - Кузбасс;обл
Мезень;г;`2900000000000;`2901200100000;Архангельская;обл
Меленки;г;`3300000000000;`3301000100000;Владимирская;обл
Мелеуз;г;`0200000000000;`0203500100000;Башкортостан;респ
Менделеевск;г;`1600000000000;`1602800100000;Татарстан;респ
Мензелинск;г;`1600000000000;`1602900100000;Татарстан;респ
Мещовск;г;`4000000000000;`4001700100000;Калужская;обл
Миасс;г;`7400000000000;`7400001000000;Челябинская;обл
Микунь;г;`1100000000000;`1101700200000;Коми;респ
Миллерово;г;`6100000000000;`6102300100000;Ростовская;обл
Минеральные Воды;г;`2600000000000;`2601700200000;Ставропольский край;
Минусинск;г;`2400000000000;`2400001700000;Красноярский край;
Миньяр;г;`7400000000000;`7400200100000;Челябинская;обл
Мирный;г;`1400000000000;`1401700100000;Саха /Якутия;респ
Мирный;г;`2900000000000;`2900000200000;Архангельская;обл
Михайлов;г;`6200000000000;`6200900100000;Рязанская;обл
Михайловка;г;`3400000000000;`3400000400000;Волгоградская;обл
Михайловск;г;`2600000000000;`2602700100000;Ставропольский край;
Михайловск;г;`6600000000000;`6601700200000;Свердловская;обл
Мичуринск;г;`6800000000000;`6800000600000;Тамбовская;обл
Могоча;г;`7500000000000;`7501400100000;Забайкальский край;
Можайск;г;`5000000000000;`5000005600000;Московская;обл
Можга;г;`1800000000000;`1800000500000;Удмуртская;респ
Моздок;г;`1500000000000;`1500700100000;Северная Осетия - Алания;респ
Мончегорск;г;`5100000000000;`5100000600000;Мурманская;обл
Морозовск;г;`6100000000000;`6102500100000;Ростовская;обл
Моршанск;г;`6800000000000;`6800000300000;Тамбовская;обл
Мосальск;г;`4000000000000;`4001800100000;Калужская;обл
Москва;г;`7700000000000;`7700000000000;Москва;г
Московский;г;`7700000000000;`7701100200000;Москва;г
Муравленко;г;`8900000000000;`8900000400000;Ямало-Ненецкий;ао
Мураши;г;`4300000000000;`4301900100000;Кировская;обл
Мурино;г;`4700000000000;`4700511700000;Ленинградская;обл
Мурманск;г;`5100000000000;`5100000100000;Мурманская;обл
Муром;г;`3300000000000;`3300000500000;Владимирская;обл
Мценск;г;`5700000000000;`5700000300000;Орловская;обл
Мыски;г;`4200000000000;`4200000600000;Кемеровскаяасть - Кузбасс;обл
Мытищи;г;`5000000000000;`5000004400000;Московская;обл
Мышкин;г;`7600000000000;`7600800100000;Ярославская;обл
Набережные Челны;г;`1600000000000;`1600000200000;Татарстан;респ
Навашино;г;`5200000000000;`5200001100000;Нижегородская;обл
Наволоки;г;`3700000000000;`3700700200000;Ивановская;обл
Надым;г;`8900000000000;`8900000500000;Ямало-Ненецкий;ао
Назарово;г;`2400000000000;`2400001800000;Красноярский край;
Назрань;г;`0600000000000;`0600000300000;Ингушетия;респ
Называевск;г;`5500000000000;`5501600100000;Омская;обл
Нальчик;г;`0700000000000;`0700000100000;Кабардино-Балкарская;респ
Нариманов;г;`3000000000000;`3000900100000;Астраханская;обл
Наро-Фоминск;г;`5000000000000;`5004800000000;Московская;обл
Нарткала;г;`0700000000000;`0700700100000;Кабардино-Балкарская;респ
Нарьян-Мар;г;`8300000000000;`8300000100000;Ненецкий;ао
Находка;г;`2500000000000;`2500000400000;Приморский край;
Невель;г;`6000000000000;`6001000100000;Псковская;обл
Невельск;г;`6500000000000;`6500700100000;Сахалинская;обл
Невинномысск;г;`2600000000000;`2600000600000;Ставропольский край;
Невьянск;г;`6600000000000;`6600004300000;Свердловская;обл
Нелидово;г;`6900000000000;`6900000400000;Тверская;обл
Неман;г;`3900000000000;`3900800100000;Калининградская;обл
Нерехта;г;`4400000000000;`4401300100000;Костромская;обл
Нерчинск;г;`7500000000000;`7501500100000;Забайкальский край;
Нерюнгри;г;`1400000000000;`1400100100000;Саха /Якутия;респ
Нестеров;г;`3900000000000;`3900900100000;Калининградская;обл
Нефтегорск;г;`6300000000000;`6301700100000;Самарская;обл
Нефтекамск;г;`0200000000000;`0200000300000;Башкортостан;респ
Нефтекумск;г;`2600000000000;`2601800100000;Ставропольский край;
Нефтеюганск;г;`8600000000000;`8600001400000;Ханты-Мансийский Автономный округ - Югра;ао
Нея;г;`4400000000000;`4401200100000;Костромская;обл
Нижневартовск;г;`8600000000000;`8600001100000;Ханты-Мансийский Автономный округ - Югра;ао
Нижнекамск;г;`1600000000000;`1603100100000;Татарстан;респ
Нижнеудинск;г;`3800000000000;`3800000800000;Иркутская;обл
Нижние Серги;г;`6600000000000;`6601700100000;Свердловская;обл
Нижние Серги-3;г;`6600000000000;`6601700000100;Свердловская;обл
Нижний Ломов;г;`5800000000000;`5802200100000;Пензенская;обл
Нижний Новгород;г;`5200000000000;`5200000100000;Нижегородская;обл
Нижний Тагил;г;`6600000000000;`6600002300000;Свердловская;обл
Нижняя Салда;г;`6600000000000;`6600002700000;Свердловская;обл
Нижняя Тура;г;`6600000000000;`6600001400000;Свердловская;обл
Николаевск;г;`3400000000000;`3402000100000;Волгоградская;обл
Николаевск-на-Амуре;г;`2700000000000;`2700000600000;Хабаровский край;
Никольск;г;`3500000000000;`3501500100000;Вологодская;обл
Никольск;г;`5800000000000;`5802300100000;Пензенская;обл
Никольское;г;`4700000000000;`4701800300000;Ленинградская;обл
Новая Ладога;г;`4700000000000;`4700400200000;Ленинградская;обл
Новая Ляля;г;`6600000000000;`6601800100000;Свердловская;обл
Новоалександровск;г;`2600000000000;`2601900100000;Ставропольский край;
Новоалтайск;г;`2200000000000;`2200000800000;Алтайский край;
Новоаннинский;г;`3400000000000;`3402100100000;Волгоградская;обл
Нововоронеж;г;`3600000000000;`3600000300000;Воронежская;обл
Новодвинск;г;`2900000000000;`2900000300000;Архангельская;обл
Новозыбков;г;`3200000000000;`3200000400000;Брянская;обл
Новокубанск;г;`2300000000000;`2302400100000;Краснодарский край;
Новокуйбышевск;г;`6300000000000;`6300000300000;Самарская;обл
Новомичуринск;г;`6200000000000;`6201200200000;Рязанская;обл
Новомосковск;г;`7100000000000;`7101700100000;Тульская;обл
Новопавловск;г;`2600000000000;`2601200100000;Ставропольский край;
Новоржев;г;`6000000000000;`6001100100000;Псковская;обл
Новороссийск;г;`2300000000000;`2300000600000;Краснодарский край;
Новосибирск;г;`5400000000000;`5400000100000;Новосибирская;обл
Новосиль;г;`5700000000000;`5701700100000;Орловская;обл
Новосокольники;г;`6000000000000;`6001200100000;Псковская;обл
Новотроицк;г;`5600000000000;`5600000300000;Оренбургская;обл
Новоузенск;г;`6400000000000;`6402300100000;Саратовская;обл
Новоульяновск;г;`7300000000000;`7300000400000;Ульяновская;обл
Новоуральск;г;`6600000000000;`6600001500000;Свердловская;обл
Новохоперск;г;`3600000000000;`3601800100000;Воронежская;обл
Новочебоксарск;г;`2100000000000;`2100002400000;Чувашская Республика - Чувашия;
Новочеркасск;г;`6100000000000;`6100000900000;Ростовская;обл
Новошахтинск;г;`6100000000000;`6100001000000;Ростовская;обл
Новый Оскол;г;`3100000000000;`3101400100000;Белгородская;обл
Новый Уренгой;г;`8900000000000;`8900000600000;Ямало-Ненецкий;ао
Ногинск;г;`5000000000000;`5004300000000;Московская;обл
Нолинск;г;`4300000000000;`4302200100000;Кировская;обл
Норильск;г;`2400000000000;`2400000900000;Красноярский край;
Ноябрьск;г;`8900000000000;`8900000700000;Ямало-Ненецкий;ао
Нурлат;г;`1600000000000;`1603300100000;Татарстан;респ
Нытва;г;`5900000000000;`5901400100000;Пермский край;
Нюрба;г;`1400000000000;`1402100100000;Саха /Якутия;респ
Нягань;г;`8600000000000;`8600000500000;Ханты-Мансийский Автономный округ - Югра;ао
Нязепетровск;г;`7400000000000;`7403600100000;Челябинская;обл
Няндома;г;`2900000000000;`2901300100000;Архангельская;обл
Обнинск;г;`4000000000000;`4000000200000;Калужская;обл
Обоянь;г;`4600000000000;`4601600100000;Курская;обл
Обь;г;`5400000000000;`5400000300000;Новосибирская;обл
Одинцово;г;`5000000000000;`5004200000000;Московская;обл
Озерск;г;`3900000000000;`3901000100000;Калининградская;обл
Озерск;г;`7400000000000;`7400001100000;Челябинская;обл
Озёры;г;`5000000000000;`5005100100000;Московская;обл
Октябрьск;г;`6300000000000;`6300000400000;Самарская;обл
Октябрьский;г;`0200000000000;`0200000400000;Башкортостан;респ
Окуловка;г;`5300000000000;`5301200100000;Новгородская;обл
Олекминск;г;`1400000000000;`1402300100000;Саха /Якутия;респ
Оленегорск;г;`5100000000000;`5100000700000;Мурманская;обл
Оленегорск-1;г;`5100000000000;`5100001500000;Мурманская;обл
Оленегорск-2;г;`5100000000000;`5100001600000;Мурманская;обл
Олонец;г;`1000000000000;`1001000100000;Карелия;респ
Омск;г;`5500000000000;`5500000100000;Омская;обл
Омутнинск;г;`4300000000000;`4302300100000;Кировская;обл
Онега;г;`2900000000000;`2901400100000;Архангельская;обл
Опочка;г;`6000000000000;`6001300100000;Псковская;обл
Орёл;г;`5700000000000;`5700000100000;Орловская;обл
Оренбург;г;`5600000000000;`5600000100000;Оренбургская;обл
Орехово-Зуево;г;`5000000000000;`5000100000000;Московская;обл
Орлов;г;`4300000000000;`4302600100000;Кировская;обл
Орск;г;`5600000000000;`5600000400000;Оренбургская;обл
Оса;г;`5900000000000;`5901600100000;Пермский край;
Осинники;г;`4200000000000;`4200000700000;Кемеровскаяасть - Кузбасс;обл
Осташков;г;`6900000000000;`6900000800000;Тверская;обл
Остров;г;`6000000000000;`6001400100000;Псковская;обл
Островной;г;`5100000000000;`5100000800000;Мурманская;обл
Острогожск;г;`3600000000000;`3602000100000;Воронежская;обл
Отрадное;г;`4700000000000;`4701000200000;Ленинградская;обл
Отрадный;г;`6300000000000;`6300000500000;Самарская;обл
Оха;г;`6500000000000;`6500900100000;Сахалинская;обл
Оханск;г;`5900000000000;`5901800100000;Пермский край;
Очер;г;`5900000000000;`5901900100000;Пермский край;
Павлово;г;`5200000000000;`5203200100000;Нижегородская;обл
Павловск;г;`3600000000000;`3602100100000;Воронежская;обл
Павловск;г;`7800000000000;`7800000700000;Санкт-Петербург;г
Павловский Посад;г;`5000000000000;`5000004700000;Московская;обл
Палласовка;г;`3400000000000;`3402400100000;Волгоградская;обл
Партизанск;г;`2500000000000;`2500000500000;Приморский край;
Певек;г;`8700000000000;`8700600100000;Чукотский;ао
Пенза;г;`5800000000000;`5800000100000;Пензенская;обл
Первомайск;г;`5200000000000;`5200000800000;Нижегородская;обл
Первоуральск;г;`6600000000000;`6600001600000;Свердловская;обл
Перевоз;г;`5200000000000;`5200001200000;Нижегородская;обл
Пересвет;г;`5000000000000;`5004100200000;Московская;обл
Переславль-Залесский;г;`7600000000000;`7600000200000;Ярославская;обл
Пермь;г;`5900000000000;`5900000100000;Пермский край;
Пестово;г;`5300000000000;`5301400100000;Новгородская;обл
Петергоф;г;`7800000000000;`7800000800000;Санкт-Петербург;г
Петров Вал;г;`3400000000000;`3401100200000;Волгоградская;обл
Петровск;г;`6400000000000;`6402600700000;Саратовская;обл
Петровск-Забайкальский;г;`7500000000000;`7501900100000;Забайкальский край;
Петрозаводск;г;`1000000000000;`1000000100000;Карелия;респ
Петропавловск-Камчатский;г;`4100000000000;`4100000100000;Камчатский край;
Петухово;г;`4500000000000;`4501500100000;Курганская;обл
Петушки;г;`3300000000000;`3301200100000;Владимирская;обл
Печора;г;`1100000000000;`1100000500000;Коми;респ
Печоры;г;`6000000000000;`6001600100000;Псковская;обл
Пикалево;г;`4700000000000;`4700200200000;Ленинградская;обл
Пионерский;г;`3900000000000;`3900000300000;Калининградская;обл
Питкяранта;г;`1000000000000;`1001100100000;Карелия;респ
Плавск;г;`7100000000000;`7101900100000;Тульская;обл
Пласт;г;`7400000000000;`7404600100000;Челябинская;обл
Плес;г;`3700000000000;`3701300200000;Ивановская;обл
Поворино;г;`3600000000000;`3602400100000;Воронежская;обл
Подольск;г;`5000000000000;`5000002400000;Московская;обл
Подпорожье;г;`4700000000000;`4701400100000;Ленинградская;обл
Покачи;г;`8600000000000;`8600000600000;Ханты-Мансийский Автономный округ - Югра;ао
Покров;г;`3300000000000;`3301200300000;Владимирская;обл
Покровск;г;`1400000000000;`1403200100000;Саха /Якутия;респ
Полевской;г;`6600000000000;`6600001700000;Свердловская;обл
Полесск;г;`3900000000000;`3901100100000;Калининградская;обл
Полысаево;г;`4200000000000;`4200001100000;Кемеровскаяасть - Кузбасс;обл
Полярные Зори;г;`5100000000000;`5100000900000;Мурманская;обл
Полярный;г;`5100000000000;`5100001000000;Мурманская;обл
Поронайск;г;`6500000000000;`6501000100000;Сахалинская;обл
Порхов;г;`6000000000000;`6001800100000;Псковская;обл
Похвистнево;г;`6300000000000;`6300000900000;Самарская;обл
Почеп;г;`3200000000000;`3202000100000;Брянская;обл
Починок;г;`6700000000000;`6701500100000;Смоленская;обл
Пошехонье;г;`7600000000000;`7601300100000;Ярославская;обл
Правдинск;г;`3900000000000;`3901200100000;Калининградская;обл
Приволжск;г;`3700000000000;`3701300100000;Ивановская;обл
Приморск;г;`3900000000000;`3901500200000;Калининградская;обл
Приморск;г;`4700000000000;`4700600400000;Ленинградская;обл
Приморско-Ахтарск;г;`2300000000000;`2302800100000;Краснодарский край;
Приозерск;г;`4700000000000;`4701500100000;Ленинградская;обл
Прокопьевск;г;`4200000000000;`4200001300000;Кемеровскаяасть - Кузбасс;обл
Пролетарск;г;`6100000000000;`6103200100000;Ростовская;обл
Протвино;г;`5000000000000;`5000001400000;Московская;обл
Прохладный;г;`0700000000000;`0700000200000;Кабардино-Балкарская;респ
Псков;г;`6000000000000;`6000000100000;Псковская;обл
Пугачев;г;`6400000000000;`6400001000000;Саратовская;обл
Пудож;г;`1000000000000;`1001300100000;Карелия;респ
Пустошка;г;`6000000000000;`6001900100000;Псковская;обл
Пучеж;г;`3700000000000;`3701400100000;Ивановская;обл
Пушкин;г;`7800000000000;`7800000900000;Санкт-Петербург;г
Пушкино;г;`5000000000000;`5005000000000;Московская;обл
Пущино;г;`5000000000000;`5000001500000;Московская;обл
Пыталово;г;`6000000000000;`6002100100000;Псковская;обл
Пыть-Ях;г;`8600000000000;`8600000700000;Ханты-Мансийский Автономный округ - Югра;ао
Пятигорск;г;`2600000000000;`2600000700000;Ставропольский край;
Радужный;г;`3300000000000;`3300000200000;Владимирская;обл
Радужный;г;`8600000000000;`8600001500000;Ханты-Мансийский Автономный округ - Югра;ао
Райчихинск;г;`2800000000000;`2800000200000;Амурская;обл
Раменское;г;`5000000000000;`5000006300000;Московская;обл
Рассказово;г;`6800000000000;`6800000700000;Тамбовская;обл
Ревда;г;`6600000000000;`6600001800000;Свердловская;обл
Реж;г;`6600000000000;`6602100100000;Свердловская;обл
Реутов;г;`5000000000000;`5000001600000;Московская;обл
Ржев;г;`6900000000000;`6900000300000;Тверская;обл
Родники;г;`3700000000000;`3701500100000;Ивановская;обл
Рославль;г;`6700000000000;`6701600100000;Смоленская;обл
Россошь;г;`3600000000000;`3602800100000;Воронежская;обл
Ростов;г;`7600000000000;`7601400100000;Ярославская;обл
Ростов-на-Дону;г;`6100000000000;`6100000100000;Ростовская;обл
Рошаль;г;`5000000000000;`5004900200000;Московская;обл
Ртищево;г;`6400000000000;`6400001100000;Саратовская;обл
Рубцовск;г;`2200000000000;`2200000900000;Алтайский край;
Рудня;г;`6700000000000;`6701700100000;Смоленская;обл
Руза;г;`5000000000000;`5000004500000;Московская;обл
Рузаевка;г;`1300000000000;`1300000300000;Мордовия;респ
Рыбинск;г;`7600000000000;`7601500100000;Ярославская;обл
Рыбное;г;`6200000000000;`6201400100000;Рязанская;обл
Рыльск;г;`4600000000000;`4602000100000;Курская;обл
Ряжск;г;`6200000000000;`6201500100000;Рязанская;обл
Рязань;г;`6200000000000;`6200000100000;Рязанская;обл
Саки;г;`9100000000000;`9100000300000;Крым;респ
Салават;г;`0200000000000;`0200000500000;Башкортостан;респ
Салаир;г;`4200000000000;`4200300200000;Кемеровскаяасть - Кузбасс;обл
Салехард;г;`8900000000000;`8900000100000;Ямало-Ненецкий;ао
Сальск;г;`6100000000000;`6103500100000;Ростовская;обл
Самара;г;`6300000000000;`6300000100000;Самарская;обл
Санкт-Петербург;г;`7800000000000;`7800000000000;Санкт-Петербург;г
Саранск;г;`1300000000000;`1300000100000;Мордовия;респ
Сарапул;г;`1800000000000;`1800000200000;Удмуртская;респ
Саратов;г;`6400000000000;`6400000100000;Саратовская;обл
Саров;г;`5200000000000;`5200000300000;Нижегородская;обл
Сасово;г;`6200000000000;`6200000200000;Рязанская;обл
Сатка;г;`7400000000000;`7401700200000;Челябинская;обл
Сафоново;г;`6700000000000;`6701800100000;Смоленская;обл
Саяногорск;г;`1900000000000;`1900000200000;Хакасия;респ
Саянск;г;`3800000000000;`3800000200000;Иркутская;обл
Светлогорск;г;`3900000000000;`3901600100000;Калининградская;обл
Светлоград;г;`2600000000000;`2602100100000;Ставропольский край;
Светлый;г;`3900000000000;`3900000600000;Калининградская;обл
Светогорск;г;`4700000000000;`4700600500000;Ленинградская;обл
Свирск;г;`3800000000000;`3800001600000;Иркутская;обл
Свободный;г;`2800000000000;`2800000500000;Амурская;обл
Себеж;г;`6000000000000;`6002200100000;Псковская;обл
Севастополь;г;`9200000000000;`9200000000000;Севастополь;г
Северобайкальск;г;`0300000000000;`0300000200000;Бурятия;респ
Северодвинск;г;`2900000000000;`2900000400000;Архангельская;обл
Северо-Курильск;г;`6500000000000;`6501100100000;Сахалинская;обл
Североморск;г;`5100000000000;`5100001100000;Мурманская;обл
Североуральск;г;`6600000000000;`6600002100000;Свердловская;обл
Северск;г;`7000000000000;`7000000300000;Томская;обл
Севск;г;`3200000000000;`3202200100000;Брянская;обл
Сегежа;г;`1000000000000;`1001400100000;Карелия;респ
Сельцо;г;`3200000000000;`3200000200000;Брянская;обл
Семенов;г;`5200000000000;`5200000600000;Нижегородская;обл
Семикаракорск;г;`6100000000000;`6103600100000;Ростовская;обл
Семилуки;г;`3600000000000;`3602900100000;Воронежская;обл
Сенгилей;г;`7300000000000;`7301500100000;Ульяновская;обл
Серафимович;г;`3400000000000;`3402700100000;Волгоградская;обл
Сергач;г;`5200000000000;`5203800100000;Нижегородская;обл
Сергиев Посад;г;`5000000000000;`5004100000000;Московская;обл
Сердобск;г;`5800000000000;`5802500100000;Пензенская;обл
Серов;г;`6600000000000;`6600003400000;Свердловская;обл
Серпухов;г;`5000000000000;`5000002800000;Московская;обл
Сертолово;г;`4700000000000;`4700500200000;Ленинградская;обл
Сестрорецк;г;`7800000000000;`7800001000000;Санкт-Петербург;г
Сибай;г;`0200000000000;`0200000600000;Башкортостан;респ
Сим;г;`7400000000000;`7400200200000;Челябинская;обл
Симферополь;г;`9100000000000;`9100000700000;Крым;респ
Сковородино;г;`2800000000000;`2801700100000;Амурская;обл
Скопин;г;`6200000000000;`6200000300000;Рязанская;обл
Славгород;г;`2200000000000;`2200001000000;Алтайский край;
Славск;г;`3900000000000;`3901300100000;Калининградская;обл
Славянск-на-Кубани;г;`2300000000000;`2303000100000;Краснодарский край;
Сланцы;г;`4700000000000;`4701600100000;Ленинградская;обл
Слободской;г;`4300000000000;`4303100100000;Кировская;обл
Слюдянка;г;`3800000000000;`3801800100000;Иркутская;обл
Смоленск;г;`6700000000000;`6700000300000;Смоленская;обл
Снежинск;г;`7400000000000;`7400001300000;Челябинская;обл
Снежногорск;г;`5100000000000;`5100001300000;Мурманская;обл
Собинка;г;`3300000000000;`3301400100000;Владимирская;обл
Советск;г;`3900000000000;`3900000700000;Калининградская;обл
Советск;г;`4300000000000;`4303200100000;Кировская;обл
Советск;г;`7100000000000;`7102400200000;Тульская;обл
Советская Гавань;г;`2700000000000;`2700000700000;Хабаровский край;
Советский;г;`8600000000000;`8600800100000;Ханты-Мансийский Автономный округ - Югра;ао
Сокол;г;`3500000000000;`3501700100000;Вологодская;обл
Солигалич;г;`4400000000000;`4402000100000;Костромская;обл
Соликамск;г;`5900000000000;`5900001100000;Пермский край;
Солнечногорск;г;`5000000000000;`5000006500000;Московская;обл
Сольвычегодск;г;`2900000000000;`2900800300000;Архангельская;обл
Соль-Илецк;г;`5600000000000;`5601500100000;Оренбургская;обл
Сольцы;г;`5300000000000;`5301600100000;Новгородская;обл
Сольцы 2;г;`5300000000000;`5301600200000;Новгородская;обл
Сорочинск;г;`5600000000000;`5600000900000;Оренбургская;обл
Сорск;г;`1900000000000;`1900000500000;Хакасия;респ
Сортавала;г;`1000000000000;`1000000700000;Карелия;респ
Сосенский;г;`4000000000000;`4001200200000;Калужская;обл
Сосновка;г;`4300000000000;`4300800200000;Кировская;обл
Сосновоборск;г;`2400000000000;`2400001000000;Красноярский край;
Сосновый Бор;г;`4700000000000;`4700000400000;Ленинградская;обл
Сосногорск;г;`1100000000000;`1100000600000;Коми;респ
Сочи;г;`2300000000000;`2300000700000;Краснодарский край;
Спас-Деменск;г;`4000000000000;`4000500100000;Калужская;обл
Спас-Клепики;г;`6200000000000;`6200600100000;Рязанская;обл
Спасск;г;`5800000000000;`5800300100000;Пензенская;обл
Спасск-Дальний;г;`2500000000000;`2500001000000;Приморский край;
Спасск-Рязанский;г;`6200000000000;`6202000100000;Рязанская;обл
Среднеколымск;г;`1400000000000;`1402500100000;Саха /Якутия;респ
Среднеуральск;г;`6600000000000;`6600003800000;Свердловская;обл
Сретенск;г;`7500000000000;`7502100100000;Забайкальский край;
Ставрополь;г;`2600000000000;`2600000100000;Ставропольский край;
Старая Купавна;г;`5000000000000;`5004300300000;Московская;обл
Старая Русса;г;`5300000000000;`5301700100000;Новгородская;обл
Старица;г;`6900000000000;`6903200100000;Тверская;обл
Стародуб;г;`3200000000000;`3200000600000;Брянская;обл
Старый Крым;г;`9100000000000;`9100400100000;Крым;респ
Старый Оскол;г;`3100000000000;`3100000200000;Белгородская;обл
Стерлитамак;г;`0200000000000;`0200001400000;Башкортостан;респ
Стрежевой;г;`7000000000000;`7000000400000;Томская;обл
Строитель;г;`3100000000000;`3102100100000;Белгородская;обл
Струнино;г;`3300000000000;`3300200300000;Владимирская;обл
Ступино;г;`5000000000000;`5000005400000;Московская;обл
Суворов;г;`7100000000000;`7102000100000;Тульская;обл
Судак;г;`9100000000000;`9100000500000;Крым;респ
Суджа;г;`4600000000000;`4602300100000;Курская;обл
Судогда;г;`3300000000000;`3301500100000;Владимирская;обл
Суздаль;г;`3300000000000;`3301600100000;Владимирская;обл
Сунжа;г;`0600000000000;`0600000500000;Ингушетия;респ
Суоярви;г;`1000000000000;`1001500100000;Карелия;респ
Сураж;г;`3200000000000;`3202500100000;Брянская;обл
Сургут;г;`8600000000000;`8600001000000;Ханты-Мансийский Автономный округ - Югра;ао
Суровикино;г;`3400000000000;`3403000100000;Волгоградская;обл
Сурск;г;`5800000000000;`5800800200000;Пензенская;обл
Сусуман;г;`4900000000000;`4900600100000;Магаданская;обл
Сухиничи;г;`4000000000000;`4002000100000;Калужская;обл
Сухой Лог;г;`6600000000000;`6602400100000;Свердловская;обл
Сызрань;г;`6300000000000;`6300000800000;Самарская;обл
Сыктывкар;г;`1100000000000;`1100000100000;Коми;респ
Сысерть;г;`6600000000000;`6602500100000;Свердловская;обл
Сычевка;г;`6700000000000;`6701900100000;Смоленская;обл
Сясьстрой;г;`4700000000000;`4700400300000;Ленинградская;обл
Тавда;г;`6600000000000;`6600004200000;Свердловская;обл
Таганрог;г;`6100000000000;`6100001100000;Ростовская;обл
Тайга;г;`4200000000000;`4200000800000;Кемеровскаяасть - Кузбасс;обл
Тайшет;г;`3800000000000;`3800000900000;Иркутская;обл
Талдом;г;`5000000000000;`5000005900000;Московская;обл
Талица;г;`6600000000000;`6602800100000;Свердловская;обл
Тамбов;г;`6800000000000;`6800000400000;Тамбовская;обл
Тара;г;`5500000000000;`5502800100000;Омская;обл
Тарко-Сале;г;`8900000000000;`8900400100000;Ямало-Ненецкий;ао
Таруса;г;`4000000000000;`4002100100000;Калужская;обл
Татарск;г;`5400000000000;`5402302200000;Новосибирская;обл
Таштагол;г;`4200000000000;`4201200100000;Кемеровскаяасть - Кузбасс;обл
Тверь;г;`6900000000000;`6900000100000;Тверская;обл
Тейково;г;`3700000000000;`3701700100000;Ивановская;обл
Темников;г;`1300000000000;`1302000100000;Мордовия;респ
Темрюк;г;`2300000000000;`2303300100000;Краснодарский край;
Терек;г;`0700000000000;`0700600100000;Кабардино-Балкарская;респ
Тетюши;г;`1600000000000;`1603900100000;Татарстан;респ
Тимашевск;г;`2300000000000;`2303400100000;Краснодарский край;
Тихвин;г;`4700000000000;`4701700100000;Ленинградская;обл
Тихорецк;г;`2300000000000;`2303500100000;Краснодарский край;
Тобольск;г;`7200000000000;`7200000200000;Тюменская;обл
Тогучин;г;`5400000000000;`5402400100000;Новосибирская;обл
Тольятти;г;`6300000000000;`6300000700000;Самарская;обл
Томари;г;`6500000000000;`6501300100000;Сахалинская;обл
Томмот;г;`1400000000000;`1400300200000;Саха /Якутия;респ
Томск;г;`7000000000000;`7000000100000;Томская;обл
Топки;г;`4200000000000;`4201400100000;Кемеровскаяасть - Кузбасс;обл
Торжок;г;`6900000000000;`6900000200000;Тверская;обл
Торопец;г;`6900000000000;`6903400100000;Тверская;обл
Тосно;г;`4700000000000;`4701800100000;Ленинградская;обл
Тотьма;г;`3500000000000;`3502000100000;Вологодская;обл
Трехгорный;г;`7400000000000;`7400001400000;Челябинская;обл
Трехгорный-1;г;`7400000000000;`7400003400000;Челябинская;обл
Троицк;г;`7400000000000;`7400003600000;Челябинская;обл
Троицк;г;`7700000000000;`7700000500000;Москва;г
Трубчевск;г;`3200000000000;`3202600100000;Брянская;обл
Туапсе;г;`2300000000000;`2303600100000;Краснодарский край;
Туймазы;г;`0200000000000;`0204400100000;Башкортостан;респ
Тула;г;`7100000000000;`7100000100000;Тульская;обл
Тулун;г;`3800000000000;`3800001000000;Иркутская;обл
Туран;г;`1700000000000;`1700900100000;Тыва;респ
Туринск;г;`6600000000000;`6603000100000;Свердловская;обл
Тутаев;г;`7600000000000;`7601600100000;Ярославская;обл
Тында;г;`2800000000000;`2800000600000;Амурская;обл
Тырныауз;г;`0700000000000;`0701000100000;Кабардино-Балкарская;респ
Тюкалинск;г;`5500000000000;`5503000100000;Омская;обл
Тюмень;г;`7200000000000;`7200000100000;Тюменская;обл
Уварово;г;`6800000000000;`6800000800000;Тамбовская;обл
Углегорск;г;`6500000000000;`6501500100000;Сахалинская;обл
Углич;г;`7600000000000;`7601700100000;Ярославская;обл
Удачный;г;`1400000000000;`1401700200000;Саха /Якутия;респ
Удомля;г;`6900000000000;`6900000700000;Тверская;обл
Ужур;г;`2400000000000;`2404000100000;Красноярский край;
Узловая;г;`7100000000000;`7102200100000;Тульская;обл
Улан-Удэ;г;`0300000000000;`0300000100000;Бурятия;респ
Ульяновск;г;`7300000000000;`7300000100000;Ульяновская;обл
Унеча;г;`3200000000000;`3202700100000;Брянская;обл
Урай;г;`8600000000000;`8600000900000;Ханты-Мансийский Автономный округ - Югра;ао
Урень;г;`5200000000000;`5204500100000;Нижегородская;обл
Уржум;г;`4300000000000;`4303600100000;Кировская;обл
Урус-Мартан;г;`2000000000000;`2001000000100;Чеченская;респ
Урюпинск;г;`3400000000000;`3400000500000;Волгоградская;обл
Усинск;г;`1100000000000;`1100000700000;Коми;респ
Усмань;г;`4800000000000;`4801600100000;Липецкая;обл
Усолье;г;`5900000000000;`5902400100000;Пермский край;
Усолье-Сибирское;г;`3800000000000;`3800001100000;Иркутская;обл
Уссурийск;г;`2500000000000;`2500001100000;Приморский край;
Усть-Джегута;г;`0900000000000;`0900800100000;Карачаево-Черкесская;респ
Усть-Илимск;г;`3800000000000;`3800001200000;Иркутская;обл
Усть-Катав;г;`7400000000000;`7400001500000;Челябинская;обл
Усть-Кут;г;`3800000000000;`3800001300000;Иркутская;обл
Усть-Лабинск;г;`2300000000000;`2303800100000;Краснодарский край;
Устюжна;г;`3500000000000;`3502200100000;Вологодская;обл
Уфа;г;`0200000000000;`0200000100000;Башкортостан;респ
Ухта;г;`1100000000000;`1100000800000;Коми;респ
Учалы;г;`0200000000000;`0204600100000;Башкортостан;респ
Уяр;г;`2400000000000;`2404100100000;Красноярский край;
Фатеж;г;`4600000000000;`4602500100000;Курская;обл
Феодосия;г;`9100000000000;`9100001000000;Крым;респ
Фокино;г;`2500000000000;`2500000600000;Приморский край;
Фокино;г;`3200000000000;`3200000500000;Брянская;обл
Фролово;г;`3400000000000;`3400000600000;Волгоградская;обл
Фрязино;г;`5000000000000;`5000001900000;Московская;обл
Фурманов;г;`3700000000000;`3701800100000;Ивановская;обл
Хабаровск;г;`2700000000000;`2700000100000;Хабаровский край;
Хадыженск;г;`2300000000000;`2300400200000;Краснодарский край;
Ханты-Мансийск;г;`8600000000000;`8600000100000;Ханты-Мансийский Автономный округ - Югра;ао
Харабали;г;`3000000000000;`3001100100000;Астраханская;обл
Харовск;г;`3500000000000;`3502300100000;Вологодская;обл
Хасавюрт;г;`0500000000000;`0500000900000;Дагестан;респ
Хвалынск;г;`6400000000000;`6400001200000;Саратовская;обл
Хилок;г;`7500000000000;`7502500100000;Забайкальский край;
Химки;г;`5000000000000;`5000003000000;Московская;обл
Холм;г;`5300000000000;`5301900100000;Новгородская;обл
Холмск;г;`6500000000000;`6501600100000;Сахалинская;обл
Хотьково;г;`5000000000000;`5004100100000;Московская;обл
Цивильск;г;`2100000000000;`2101600100000;Чувашская Республика - Чувашия;
Цимлянск;г;`6100000000000;`6104200100000;Ростовская;обл
Циолковский;г;`2800000000000;`2800001000000;Амурская;обл
Чадан;г;`1700000000000;`1700400100000;Тыва;респ
Чайковский;г;`5900000000000;`5900001200000;Пермский край;
Чапаевск;г;`6300000000000;`6300000600000;Самарская;обл
Чаплыгин;г;`4800000000000;`4801800100000;Липецкая;обл
Чебаркуль;г;`7400000000000;`7400003500000;Челябинская;обл
Чебоксары;г;`2100000000000;`2100000100000;Чувашская Республика - Чувашия;
Чегем;г;`0700000000000;`0700800100000;Кабардино-Балкарская;респ
Чекалин;г;`7100000000000;`7102000200000;Тульская;обл
Челябинск;г;`7400000000000;`7400000100000;Челябинская;обл
Чердынь;г;`5900000000000;`5902700100000;Пермский край;
Черемхово;г;`3800000000000;`3800001400000;Иркутская;обл
Черепаново;г;`5400000000000;`5402800100000;Новосибирская;обл
Череповец;г;`3500000000000;`3500000200000;Вологодская;обл
Черкесск;г;`0900000000000;`0900000100000;Карачаево-Черкесская;респ
Чермоз;г;`5900000000000;`5900800200000;Пермский край;
Черноголовка;г;`5000000000000;`5000003500000;Московская;обл
Черногорск;г;`1900000000000;`1900000300000;Хакасия;респ
Чернушка;г;`5900000000000;`5902800100000;Пермский край;
Черняховск;г;`3900000000000;`3901400100000;Калининградская;обл
Чехов;г;`5000000000000;`5000005300000;Московская;обл
Чехов-2;г;`5000000000000;`5003700200000;Московская;обл
Чехов-3;г;`5000000000000;`5003700300000;Московская;обл
Чехов-8;г;`5000000000000;`5003700500000;Московская;обл
Чистополь;г;`1600000000000;`1604300100000;Татарстан;респ
Чита;г;`7500000000000;`7500000100000;Забайкальский край;
Чкаловск;г;`5200000000000;`5204600100000;Нижегородская;обл
Чудово;г;`5300000000000;`5302000100000;Новгородская;обл
Чулым;г;`5400000000000;`5403000100000;Новосибирская;обл
Чусовой;г;`5900000000000;`5900001300000;Пермский край;
Чухлома;г;`4400000000000;`4402300100000;Костромская;обл
Шагонар;г;`1700000000000;`1701400100000;Тыва;респ
Шадринск;г;`4500000000000;`4500000200000;Курганская;обл
Шали;г;`2000000000000;`2001200100000;Чеченская;респ
Шарыпово;г;`2400000000000;`2400001900000;Красноярский край;
Шарья;г;`4400000000000;`4402400100000;Костромская;обл
Шатура;г;`5000000000000;`5004900000000;Московская;обл
Шахты;г;`6100000000000;`6100001200000;Ростовская;обл
Шахунья;г;`5200000000000;`5200000900000;Нижегородская;обл
Шацк;г;`6200000000000;`6202400100000;Рязанская;обл
Шебекино;г;`3100000000000;`3100000300000;Белгородская;обл
Шелехов;г;`3800000000000;`3800001500000;Иркутская;обл
Шенкурск;г;`2900000000000;`2901900100000;Архангельская;обл
Шилка;г;`7500000000000;`7502800100000;Забайкальский край;
Шимановск;г;`2800000000000;`2800000700000;Амурская;обл
Шиханы;г;`6400000000000;`6400000200000;Саратовская;обл
Шлиссельбург;г;`4700000000000;`4701000300000;Ленинградская;обл
Шумерля;г;`2100000000000;`2100002500000;Чувашская Республика - Чувашия;
Шумиха;г;`4500000000000;`4502300100000;Курганская;обл
Шуя;г;`3700000000000;`3701900100000;Ивановская;обл
Щекино;г;`7100000000000;`7102400100000;Тульская;обл
Щелкино;г;`9100000000000;`9100700100000;Крым;респ
Щёлково;г;`5000000000000;`5000006200000;Московская;обл
Щербинка;г;`7700000000000;`7700000300000;Москва;г
Щигры;г;`4600000000000;`4600000500000;Курская;обл
Щучье;г;`4500000000000;`4502400100000;Курганская;обл
Электросталь;г;`5000000000000;`5000002100000;Московская;обл
Электроугли;г;`5000000000000;`5004300200000;Московская;обл
Элиста;г;`0800000000000;`0800000100000;Калмыкия;респ
Энгельс;г;`6400000000000;`6400001300000;Саратовская;обл
Эртиль;г;`3600000000000;`3603300100000;Воронежская;обл
Югорск;г;`8600000000000;`8600001600000;Ханты-Мансийский Автономный округ - Югра;ао
Южа;г;`3700000000000;`3702000100000;Ивановская;обл
Южно-Сахалинск;г;`6500000000000;`6500000100000;Сахалинская;обл
Южно-Сухокумск;г;`0500000000000;`0500000500000;Дагестан;респ
Южноуральск;г;`7400000000000;`7400001600000;Челябинская;обл
Юрга;г;`4200000000000;`4200001400000;Кемеровскаяасть - Кузбасс;обл
Юрьевец;г;`3700000000000;`3702100100000;Ивановская;обл
Юрьев-Польский;г;`3300000000000;`3301700100000;Владимирская;обл
Юрюзань;г;`7400000000000;`7401000100000;Челябинская;обл
Юхнов;г;`4000000000000;`4002500100000;Калужская;обл
Юхнов-1;г;`4000000000000;`4002500200000;Калужская;обл
Ядрин;г;`2100000000000;`2102000100000;Чувашская Республика - Чувашия;
Якутск;г;`1400000000000;`1400000100000;Саха /Якутия;респ
Ялта;г;`9100000000000;`9100000800000;Крым;респ
Ялуторовск;г;`7200000000000;`7200000500000;Тюменская;обл
Янаул;г;`0200000000000;`0205200100000;Башкортостан;респ
Яранск;г;`4300000000000;`4304000100000;Кировская;обл
Яровое;г;`2200000000000;`2200001200000;Алтайский край;
Ярославль;г;`7600000000000;`7600000100000;Ярославская;обл
Ярцево;г;`6700000000000;`6702500100000;Смоленская;обл
Ясногорск;г;`7100000000000;`7102500100000;Тульская;обл
Ясный;г;`5600000000000;`5600001000000;Оренбургская;обл
Яхрома;г;`5000000000000;`5004500200000;Московская;обл
